in s,C1 in V,C3 in V
-2.12000E-08,7.977195130661E-03,4.626565857790E-06
-2.11500E-08,7.904797839001E-03,4.524271435104E-06
-2.11000E-08,7.839250890538E-03,4.919966508634E-06
-2.10500E-08,7.824797695503E-03,5.576206848957E-06
-2.10000E-08,7.827108772472E-03,6.126074970700E-06
-2.09500E-08,7.835239218548E-03,6.658505660482E-06
-2.09000E-08,7.853910373524E-03,7.255294325761E-06
-2.08500E-08,7.877114275470E-03,7.966468402185E-06
-2.08000E-08,7.926357956603E-03,7.775485155173E-06
-2.07500E-08,7.909710099921E-03,8.153697487898E-06
-2.07000E-08,7.864203350618E-03,7.906550693325E-06
-2.06500E-08,7.818297063932E-03,7.336190029046E-06
-2.06000E-08,7.747470913455E-03,7.169427595101E-06
-2.05500E-08,7.657213183120E-03,6.866466778331E-06
-2.05000E-08,7.578712934628E-03,7.059573068282E-06
-2.04500E-08,7.491151848808E-03,6.943038723431E-06
-2.04000E-08,7.432970264927E-03,7.321995415725E-06
-2.03500E-08,7.442030636594E-03,7.743102277628E-06
-2.03000E-08,7.453979039565E-03,8.052153897471E-06
-2.02500E-08,7.508840924129E-03,8.342984889633E-06
-2.02000E-08,7.619181694463E-03,8.453460794873E-06
-2.01500E-08,7.726934785023E-03,8.982946409844E-06
-2.01000E-08,7.807217584923E-03,9.447556233964E-06
-2.00500E-08,7.890256168321E-03,9.619872237555E-06
-2.00000E-08,7.925071800128E-03,1.072511674184E-05
-1.99500E-08,7.962698163465E-03,1.123392857891E-05
-1.99000E-08,7.966343825683E-03,1.208675104473E-05
-1.98500E-08,7.953840820119E-03,1.256676587556E-05
-1.98000E-08,7.893316028640E-03,1.304124008212E-05
-1.97500E-08,7.852889643982E-03,1.317459048051E-05
-1.97000E-08,7.857592357323E-03,1.319552316610E-05
-1.96500E-08,7.845076778904E-03,1.266564271692E-05
-1.96000E-08,7.866414776072E-03,1.208754718583E-05
-1.95500E-08,7.897816179320E-03,1.192250648793E-05
-1.95000E-08,7.904424378648E-03,1.101153983083E-05
-1.94500E-08,7.908843038604E-03,1.035549367126E-05
-1.94000E-08,7.883614441380E-03,1.033530534524E-05
-1.93500E-08,7.880008826032E-03,1.010875465628E-05
-1.93000E-08,7.862524641678E-03,1.006097324472E-05
-1.92500E-08,7.874004589394E-03,1.012604321633E-05
-1.92000E-08,7.864089263603E-03,1.021550229099E-05
-1.91500E-08,7.892428012565E-03,9.935144114308E-06
-1.91000E-08,7.905447902158E-03,1.019319092203E-05
-1.90500E-08,7.887186529115E-03,1.008650801424E-05
-1.90000E-08,7.870587566867E-03,1.042895225156E-05
-1.89500E-08,7.842271169648E-03,1.124994201865E-05
-1.89000E-08,7.800540467724E-03,1.187484805752E-05
-1.88500E-08,7.765325764194E-03,1.287390157860E-05
-1.88000E-08,7.757607894018E-03,1.357370960806E-05
-1.87500E-08,7.777044596150E-03,1.382564619463E-05
-1.87000E-08,7.806734694168E-03,1.406065669190E-05
-1.86500E-08,7.856140425429E-03,1.372554601449E-05
-1.86000E-08,7.940841419622E-03,1.368044429738E-05
-1.85500E-08,7.996946154162E-03,1.349250968825E-05
-1.85000E-08,8.046351419762E-03,1.359439633135E-05
-1.84500E-08,8.044629404321E-03,1.330601201672E-05
-1.84000E-08,8.087412966415E-03,1.322210003901E-05
-1.83500E-08,8.047355851158E-03,1.334139175061E-05
-1.83000E-08,8.016721392050E-03,1.287185620796E-05
-1.82500E-08,7.989686960354E-03,1.208519759867E-05
-1.82000E-08,7.946209097281E-03,1.127054459695E-05
-1.81500E-08,7.912677759305E-03,1.080362402182E-05
-1.81000E-08,7.869829470292E-03,9.812622529455E-06
-1.80500E-08,7.880556443706E-03,9.172842244618E-06
-1.80000E-08,7.889159535989E-03,9.477932577022E-06
-1.79500E-08,7.892166310921E-03,9.217167238704E-06
-1.79000E-08,7.880862848833E-03,9.492625587620E-06
-1.78500E-08,7.849393459037E-03,9.229005792177E-06
-1.78000E-08,7.816211367026E-03,9.372958459892E-06
-1.77500E-08,7.791025610641E-03,9.378635010682E-06
-1.77000E-08,7.800983777270E-03,9.196383425034E-06
-1.76500E-08,7.812668150291E-03,9.208519722335E-06
-1.76000E-08,7.906028581783E-03,9.424332215451E-06
-1.75500E-08,7.989348424599E-03,9.623393381945E-06
-1.75000E-08,8.099325047806E-03,9.113914857618E-06
-1.74500E-08,8.199322083965E-03,9.883246070704E-06
-1.74000E-08,8.235008036718E-03,9.324134944937E-06
-1.73500E-08,8.190920623019E-03,8.592448907904E-06
-1.73000E-08,8.131533907726E-03,7.501567306927E-06
-1.72500E-08,7.984182843938E-03,6.417443196289E-06
-1.72000E-08,7.867183582857E-03,5.192104366607E-06
-1.71500E-08,7.795611908659E-03,4.274910979905E-06
-1.71000E-08,7.725962949917E-03,3.444574645720E-06
-1.70500E-08,7.711055735126E-03,2.803642221726E-06
-1.70000E-08,7.738497620448E-03,3.363530070520E-06
-1.69500E-08,7.747652987018E-03,3.719618742353E-06
-1.69000E-08,7.772691128775E-03,4.427601781673E-06
-1.68500E-08,7.784376898780E-03,5.898093816823E-06
-1.68000E-08,7.780676754191E-03,6.738229806534E-06
-1.67500E-08,7.771600550041E-03,8.104660374111E-06
-1.67000E-08,7.791874045506E-03,9.308108559810E-06
-1.66500E-08,7.810968486592E-03,1.012841869425E-05
-1.66000E-08,7.836023392156E-03,1.096769381594E-05
-1.65500E-08,7.847182964906E-03,1.118760352302E-05
-1.65000E-08,7.896681362763E-03,1.124128802959E-05
-1.64500E-08,7.894999394193E-03,1.025767187867E-05
-1.64000E-08,7.905648136511E-03,9.318180068395E-06
-1.63500E-08,7.906871428713E-03,7.537057076580E-06
-1.63000E-08,7.931341463700E-03,6.077024911530E-06
-1.62500E-08,7.974375551566E-03,5.070249469019E-06
-1.62000E-08,8.004208607599E-03,4.055214871653E-06
-1.61500E-08,8.090333594009E-03,4.216236027888E-06
-1.61000E-08,8.162822155282E-03,4.568984790706E-06
-1.60500E-08,8.241778751835E-03,5.590382044203E-06
-1.60000E-08,8.307942701504E-03,5.985319812782E-06
-1.59500E-08,8.324921177700E-03,6.636537344194E-06
-1.59000E-08,8.329685823992E-03,6.744909624568E-06
-1.58500E-08,8.273081900552E-03,7.002801087685E-06
-1.58000E-08,8.201259234920E-03,7.126947318203E-06
-1.57500E-08,8.112495811656E-03,7.250122644938E-06
-1.57000E-08,7.989429915324E-03,7.846121641807E-06
-1.56500E-08,7.848633965477E-03,8.766098286025E-06
-1.56000E-08,7.734564179555E-03,9.799437656067E-06
-1.55500E-08,7.623413158581E-03,1.072303900775E-05
-1.55000E-08,7.546678232029E-03,1.222031504195E-05
-1.54500E-08,7.511744322255E-03,1.345645679440E-05
-1.54000E-08,7.494857115671E-03,1.449462479260E-05
-1.53500E-08,7.522328337654E-03,1.545062196720E-05
-1.53000E-08,7.556233601645E-03,1.625381183159E-05
-1.52500E-08,7.648791233078E-03,1.668114542309E-05
-1.52000E-08,7.785443263128E-03,1.706795996334E-05
-1.51500E-08,7.875626021996E-03,1.661035359185E-05
-1.51000E-08,7.995843002573E-03,1.577623073291E-05
-1.50500E-08,8.078725123778E-03,1.395355305914E-05
-1.50000E-08,8.152948739007E-03,1.211176152620E-05
-1.49500E-08,8.198163518682E-03,1.003130242508E-05
-1.49000E-08,8.236644370481E-03,8.598882763645E-06
-1.48500E-08,8.226414257660E-03,7.233390736393E-06
-1.48000E-08,8.219360420480E-03,6.146205042488E-06
-1.47500E-08,8.201675536111E-03,6.120521401054E-06
-1.47000E-08,8.210488641635E-03,6.263671454973E-06
-1.46500E-08,8.210999472067E-03,6.570269924589E-06
-1.46000E-08,8.192840078846E-03,7.179466740228E-06
-1.45500E-08,8.161924360320E-03,8.455823327414E-06
-1.45000E-08,8.127178112045E-03,9.034954489208E-06
-1.44500E-08,8.106673648581E-03,9.597366687842E-06
-1.44000E-08,8.078905334696E-03,1.014739015419E-05
-1.43500E-08,8.085310971364E-03,1.053078711312E-05
-1.43000E-08,8.071224717423E-03,1.073753783759E-05
-1.42500E-08,8.062138734385E-03,1.073665107880E-05
-1.42000E-08,8.064517797902E-03,1.090984736849E-05
-1.41500E-08,8.033458655700E-03,1.098553902749E-05
-1.41000E-08,7.989850873128E-03,1.141664619837E-05
-1.40500E-08,7.929520262405E-03,1.224570093956E-05
-1.40000E-08,7.805367512628E-03,1.256574966293E-05
-1.39500E-08,7.726484490558E-03,1.298041619640E-05
-1.39000E-08,7.680769590661E-03,1.364194472600E-05
-1.38500E-08,7.656616205350E-03,1.392733218428E-05
-1.38000E-08,7.618941413239E-03,1.441972927470E-05
-1.37500E-08,7.627972448245E-03,1.460946329217E-05
-1.37000E-08,7.677625445649E-03,1.447398985084E-05
-1.36500E-08,7.713583810255E-03,1.460745675769E-05
-1.36000E-08,7.755431393161E-03,1.411639304180E-05
-1.35500E-08,7.800710899755E-03,1.350036106352E-05
-1.35000E-08,7.852698257193E-03,1.269469863083E-05
-1.34500E-08,7.891631266102E-03,1.195735546108E-05
-1.34000E-08,7.912423508242E-03,1.111051376257E-05
-1.33500E-08,7.924824999645E-03,1.017962415982E-05
-1.33000E-08,7.910391362384E-03,9.769546764902E-06
-1.32500E-08,7.861975161359E-03,9.596078622155E-06
-1.32000E-08,7.844767114147E-03,9.810201742686E-06
-1.31500E-08,7.803584961221E-03,1.037643282954E-05
-1.31000E-08,7.796633569524E-03,1.106062225346E-05
-1.30500E-08,7.802332332358E-03,1.189998152014E-05
-1.30000E-08,7.834542589262E-03,1.238188637700E-05
-1.29500E-08,7.835268089548E-03,1.306749332044E-05
-1.29000E-08,7.879371801391E-03,1.330880174693E-05
-1.28500E-08,7.873292127624E-03,1.282345341798E-05
-1.28000E-08,7.878432562575E-03,1.220627577323E-05
-1.27500E-08,7.822737609968E-03,1.135101310257E-05
-1.27000E-08,7.779068360105E-03,9.975708474405E-06
-1.26500E-08,7.739905780181E-03,8.621686057187E-06
-1.26000E-08,7.721956400201E-03,7.244711474515E-06
-1.25500E-08,7.719495845959E-03,6.748094188980E-06
-1.25000E-08,7.766048004851E-03,6.386678491718E-06
-1.24500E-08,7.807744247839E-03,7.347387786023E-06
-1.24000E-08,7.923407526687E-03,8.846061921678E-06
-1.23500E-08,8.042679680511E-03,1.084962544311E-05
-1.23000E-08,8.121789945289E-03,1.209875141550E-05
-1.22500E-08,8.190792566165E-03,1.363935564924E-05
-1.22000E-08,8.248115470633E-03,1.399904961046E-05
-1.21500E-08,8.255544630811E-03,1.380363904219E-05
-1.21000E-08,8.229485293850E-03,1.308900207560E-05
-1.20500E-08,8.184361783788E-03,1.214274630230E-05
-1.20000E-08,8.124440023676E-03,1.094889064599E-05
-1.19500E-08,8.021636912599E-03,9.589282295667E-06
-1.19000E-08,7.951687602326E-03,8.547463699243E-06
-1.18500E-08,7.887613540515E-03,7.515095232986E-06
-1.18000E-08,7.823727140203E-03,6.274513213896E-06
-1.17500E-08,7.774448068812E-03,5.281815876253E-06
-1.17000E-08,7.753391331062E-03,5.061019410378E-06
-1.16500E-08,7.752432068810E-03,5.388032750226E-06
-1.16000E-08,7.732487795874E-03,6.109304226003E-06
-1.15500E-08,7.739427080378E-03,7.307017606683E-06
-1.15000E-08,7.756884256378E-03,8.952227014117E-06
-1.14500E-08,7.813673978671E-03,1.056174599845E-05
-1.14000E-08,7.830726495013E-03,1.210778729338E-05
-1.13500E-08,7.879019761458E-03,1.315895892959E-05
-1.13000E-08,7.920168852434E-03,1.411445770692E-05
-1.12500E-08,8.010624023154E-03,1.531299311947E-05
-1.12000E-08,8.051959378645E-03,1.583865337353E-05
-1.11500E-08,8.096804888919E-03,1.619764828402E-05
-1.11000E-08,8.185958536342E-03,1.627948900033E-05
-1.10500E-08,8.261015685275E-03,1.620550613198E-05
-1.10000E-08,8.280979050323E-03,1.568250615429E-05
-1.09500E-08,8.319634525105E-03,1.440148275625E-05
-1.09000E-08,8.299164054915E-03,1.318196934927E-05
-1.08500E-08,8.257928350940E-03,1.141252956633E-05
-1.08000E-08,8.228234993294E-03,9.916450980118E-06
-1.07500E-08,8.170320233330E-03,8.798940724693E-06
-1.07000E-08,8.146829484031E-03,8.754887583666E-06
-1.06500E-08,8.095714775845E-03,8.811387711204E-06
-1.06000E-08,8.051816420630E-03,9.876514471137E-06
-1.05500E-08,8.039866620675E-03,1.082772185374E-05
-1.05000E-08,8.044535340741E-03,1.147305570822E-05
-1.04500E-08,8.062295196578E-03,1.208645330090E-05
-1.04000E-08,8.056874433532E-03,1.190294601303E-05
-1.03500E-08,8.069497579709E-03,1.158815958817E-05
-1.03000E-08,8.069514343515E-03,1.092406139988E-05
-1.02500E-08,8.096420718357E-03,1.045345139038E-05
-1.02000E-08,8.105037314817E-03,1.078734520171E-05
-1.01500E-08,8.148758253083E-03,1.085117241647E-05
-1.01000E-08,8.155212318525E-03,1.115245033335E-05
-1.00500E-08,8.144163573161E-03,1.147465446312E-05
-1.00000E-08,8.146254858002E-03,1.211529561598E-05
-9.95000E-09,8.175070444122E-03,1.256910251733E-05
-9.90000E-09,8.199787279591E-03,1.262034681905E-05
-9.85000E-09,8.249116642401E-03,1.254408556316E-05
-9.80000E-09,8.249227004126E-03,1.282858626265E-05
-9.75000E-09,8.229907182977E-03,1.261446314212E-05
-9.70000E-09,8.217263547704E-03,1.207218101528E-05
-9.65000E-09,8.144537499174E-03,1.187860221881E-05
-9.60000E-09,8.075802633539E-03,1.144422633853E-05
-9.55000E-09,8.012679452077E-03,1.080119028967E-05
-9.50000E-09,7.985927211121E-03,1.051624297444E-05
-9.45000E-09,8.006590930745E-03,1.008117451612E-05
-9.40000E-09,8.020234806463E-03,9.591127012857E-06
-9.35000E-09,8.054518187419E-03,9.269874368794E-06
-9.30000E-09,8.087918674573E-03,9.126814932562E-06
-9.25000E-09,8.060518233105E-03,9.093383478931E-06
-9.20000E-09,7.994839502498E-03,8.793917915783E-06
-9.15000E-09,7.939770864323E-03,9.290968871674E-06
-9.10000E-09,7.867632945999E-03,9.582900221459E-06
-9.05000E-09,7.835112093016E-03,1.000653790589E-05
-9.00000E-09,7.825990719721E-03,1.140733199473E-05
-8.95000E-09,7.864670874551E-03,1.282045656163E-05
-8.90000E-09,7.939777849242E-03,1.402395005617E-05
-8.85000E-09,8.011213550344E-03,1.595318118390E-05
-8.80000E-09,8.077888330445E-03,1.734536011983E-05
-8.75000E-09,8.105428935960E-03,1.859885515925E-05
-8.70000E-09,8.104218216613E-03,1.905905708019E-05
-8.65000E-09,8.037779992446E-03,1.948774346430E-05
-8.60000E-09,7.965611340478E-03,1.866976349894E-05
-8.55000E-09,7.873434154317E-03,1.731247884501E-05
-8.50000E-09,7.830702280626E-03,1.541498979833E-05
-8.45000E-09,7.787572266534E-03,1.294847993460E-05
-8.40000E-09,7.761341566220E-03,1.096091690753E-05
-8.35000E-09,7.744004996493E-03,8.987910964526E-06
-8.30000E-09,7.724456069991E-03,8.079015568830E-06
-8.25000E-09,7.736899005249E-03,8.075034863315E-06
-8.20000E-09,7.735618902370E-03,8.570389973931E-06
-8.15000E-09,7.741691125557E-03,1.023929590639E-05
-8.10000E-09,7.733167661354E-03,1.221543463226E-05
-8.05000E-09,7.719432516023E-03,1.376471227314E-05
-8.00000E-09,7.725721271709E-03,1.487378861103E-05
-7.95000E-09,7.713345857337E-03,1.566985851433E-05
-7.90000E-09,7.720570126548E-03,1.587710116338E-05
-7.85000E-09,7.715391041711E-03,1.595106461365E-05
-7.80000E-09,7.742302538827E-03,1.635612567235E-05
-7.75000E-09,7.806206168607E-03,1.657182812970E-05
-7.70000E-09,7.868203381076E-03,1.689074413199E-05
-7.65000E-09,7.952403789386E-03,1.710084123816E-05
-7.60000E-09,8.007568819448E-03,1.668860196415E-05
-7.55000E-09,8.046019403264E-03,1.551973737124E-05
-7.50000E-09,8.050735155120E-03,1.396728811134E-05
-7.45000E-09,8.029748266563E-03,1.211337322649E-05
-7.40000E-09,7.984367711469E-03,1.004031888489E-05
-7.35000E-09,7.926490204409E-03,8.362700709141E-06
-7.30000E-09,7.892490876839E-03,7.639189681970E-06
-7.25000E-09,7.884683599696E-03,7.533963129856E-06
-7.20000E-09,7.859311578795E-03,7.761038106865E-06
-7.15000E-09,7.818290544674E-03,7.887974067590E-06
-7.10000E-09,7.781287701800E-03,8.586189814842E-06
-7.05000E-09,7.734555797651E-03,8.667635696940E-06
-7.00000E-09,7.658851379529E-03,9.315500373952E-06
-6.95000E-09,7.648311601952E-03,9.737908246927E-06
-6.90000E-09,7.693207869306E-03,1.007724559214E-05
-6.85000E-09,7.726007653400E-03,1.061500330735E-05
-6.80000E-09,7.801443384960E-03,1.147789080907E-05
-6.75000E-09,7.838665554300E-03,1.197614568565E-05
-6.70000E-09,7.859559310600E-03,1.238810016122E-05
-6.65000E-09,7.812952203676E-03,1.256516712066E-05
-6.60000E-09,7.712161680683E-03,1.277921256889E-05
-6.55000E-09,7.621233398095E-03,1.315648636129E-05
-6.50000E-09,7.540962239727E-03,1.286505988147E-05
-6.45000E-09,7.500709546730E-03,1.230420112889E-05
-6.40000E-09,7.496796129271E-03,1.153662401531E-05
-6.35000E-09,7.535646250471E-03,1.057294375542E-05
-6.30000E-09,7.615292025730E-03,9.553747217171E-06
-6.25000E-09,7.665772503242E-03,8.919442829675E-06
-6.20000E-09,7.712320005521E-03,8.371445315890E-06
-6.15000E-09,7.717255549505E-03,8.474445261992E-06
-6.10000E-09,7.676770957187E-03,8.679001743905E-06
-6.05000E-09,7.629485381767E-03,8.832171524874E-06
-6.00000E-09,7.627891888842E-03,9.443756763823E-06
-5.95000E-09,7.645458960906E-03,9.845600894651E-06
-5.90000E-09,7.687652530149E-03,9.982084075920E-06
-5.85000E-09,7.779209455475E-03,9.873265179806E-06
-5.80000E-09,7.887919014320E-03,9.487583360635E-06
-5.75000E-09,8.017769129947E-03,9.166259516961E-06
-5.70000E-09,8.141122804955E-03,8.940492023714E-06
-5.65000E-09,8.211981551722E-03,8.536874375306E-06
-5.60000E-09,8.317868737504E-03,8.467131120153E-06
-5.55000E-09,8.350269449875E-03,8.779127814806E-06
-5.50000E-09,8.366094483063E-03,8.929164812899E-06
-5.45000E-09,8.284394675866E-03,9.845736821182E-06
-5.40000E-09,8.234868803993E-03,1.014924781676E-05
-5.35000E-09,8.189014671370E-03,1.039688653592E-05
-5.30000E-09,8.103286894038E-03,1.078594710026E-05
-5.25000E-09,8.023765916005E-03,1.096540895570E-05
-5.20000E-09,7.975100586191E-03,1.081981222425E-05
-5.15000E-09,7.934911688790E-03,1.099605715182E-05
-5.10000E-09,7.949802605435E-03,1.151508289669E-05
-5.05000E-09,7.985977502540E-03,1.169640241470E-05
-5.00000E-09,8.074611471966E-03,1.254899186361E-05
-4.95000E-09,8.205642970279E-03,1.356257010531E-05
-4.90000E-09,8.314645430073E-03,1.365775751229E-05
-4.85000E-09,8.475435944274E-03,1.409046991076E-05
-4.80000E-09,8.646697318181E-03,1.419399414491E-05
-4.75000E-09,8.781867614016E-03,1.405408690963E-05
-4.70000E-09,8.874790323898E-03,1.471263152827E-05
-4.65000E-09,8.974443702027E-03,1.479847236816E-05
-4.60000E-09,9.016776503995E-03,1.550037107710E-05
-4.55000E-09,8.981693582609E-03,1.584869251866E-05
-4.50000E-09,8.921099407598E-03,1.568593020830E-05
-4.45000E-09,8.831769274548E-03,1.483268054482E-05
-4.40000E-09,8.699091663584E-03,1.354886741657E-05
-4.35000E-09,8.585298480466E-03,1.220897488575E-05
-4.30000E-09,8.426296105608E-03,1.023878456373E-05
-4.25000E-09,8.346257312223E-03,9.372725442982E-06
-4.20000E-09,8.295315830037E-03,8.647751587442E-06
-4.15000E-09,8.285532286391E-03,7.834296033717E-06
-4.10000E-09,8.309566462412E-03,7.965911750681E-06
-4.05000E-09,8.321639662608E-03,8.405096841045E-06
-4.00000E-09,8.407666860148E-03,8.414831769653E-06
-3.95000E-09,8.440074557438E-03,8.742479433305E-06
-3.90000E-09,8.483876520768E-03,8.575788198970E-06
-3.85000E-09,8.511979645118E-03,8.910743531770E-06
-3.80000E-09,8.544867904857E-03,9.283382876776E-06
-3.75000E-09,8.593204943463E-03,9.611781372688E-06
-3.70000E-09,8.605293976143E-03,9.917344211600E-06
-3.65000E-09,8.603116543964E-03,1.042363169882E-05
-3.60000E-09,8.548463741317E-03,1.112987358402E-05
-3.55000E-09,8.464170200750E-03,1.236949117202E-05
-3.50000E-09,8.354355162010E-03,1.343423604313E-05
-3.45000E-09,8.219487080350E-03,1.520569530595E-05
-3.40000E-09,8.108910685405E-03,1.593201548140E-05
-3.35000E-09,7.987028500065E-03,1.669917187001E-05
-3.30000E-09,7.960567763075E-03,1.738162013981E-05
-3.25000E-09,7.936432072893E-03,1.753706183564E-05
-3.20000E-09,7.948517845944E-03,1.680882574338E-05
-3.15000E-09,8.015026384965E-03,1.610283629317E-05
-3.10000E-09,8.045314857736E-03,1.521316479240E-05
-3.05000E-09,8.077411027625E-03,1.416806454118E-05
-3.00000E-09,8.087454875931E-03,1.352966293972E-05
-2.95000E-09,8.105331612751E-03,1.226545559522E-05
-2.90000E-09,8.133871061727E-03,1.045341255423E-05
-2.85000E-09,8.152748504654E-03,8.579503524116E-06
-2.80000E-09,8.189517585561E-03,6.107278273441E-06
-2.75000E-09,8.258058270439E-03,4.302898899652E-06
-2.70000E-09,8.329768711701E-03,3.224043560214E-06
-2.65000E-09,8.378575602546E-03,3.067339689470E-06
-2.60000E-09,8.381235459819E-03,3.863759118133E-06
-2.55000E-09,8.472519041970E-03,5.262585508637E-06
-2.50000E-09,8.490951778367E-03,7.265139290131E-06
-2.45000E-09,8.607411803678E-03,8.707319770939E-06
-2.40000E-09,8.484328677878E-03,1.037928081397E-05
-2.35000E-09,8.488227659836E-03,1.070122603606E-05
-2.30000E-09,8.474711840972E-03,1.130896002333E-05
-2.25000E-09,8.457928942516E-03,1.155345301423E-05
-2.20000E-09,8.256926247850E-03,1.177475435007E-05
-2.15000E-09,8.169123949483E-03,1.202878161613E-05
-2.10000E-09,8.158064959571E-03,1.198742111493E-05
-2.05000E-09,8.210729854181E-03,1.231593611930E-05
-2.00000E-09,8.070979313925E-03,1.181493682135E-05
-1.95000E-09,8.028764324263E-03,1.137088426668E-05
-1.90000E-09,8.051774976775E-03,9.909874725156E-06
-1.85000E-09,8.044645702466E-03,9.060664021409E-06
-1.80000E-09,7.889824034646E-03,7.764287398196E-06
-1.75000E-09,7.867717230692E-03,7.372605393640E-06
-1.70000E-09,7.938103331253E-03,7.356067665852E-06
-1.65000E-09,7.998805539682E-03,7.322804502212E-06
-1.60000E-09,7.964243693277E-03,7.793427457102E-06
-1.55000E-09,7.949532521889E-03,8.597640006802E-06
-1.50000E-09,7.955831987783E-03,9.306917584500E-06
-1.45000E-09,7.882525725290E-03,1.019345630240E-05
-1.40000E-09,7.735450798646E-03,1.082732701953E-05
-1.35000E-09,7.694434421137E-03,1.138990750816E-05
-1.30000E-09,7.798025896773E-03,1.174698650185E-05
-1.25000E-09,7.908781571314E-03,1.241402329225E-05
-1.20000E-09,7.966567343101E-03,1.254193015676E-05
-1.15000E-09,7.846423005685E-03,1.303347285185E-05
-1.10000E-09,7.607162510976E-03,1.321977634262E-05
-1.05000E-09,7.313961209729E-03,1.358183930907E-05
-1.00000E-09,7.142836740240E-03,1.376981275436E-05
-9.50000E-10,7.079797843471E-03,1.388017215114E-05
-9.00000E-10,7.227296521887E-03,1.362608015817E-05
-8.50000E-10,7.416345691308E-03,1.286901469622E-05
-8.00000E-10,7.634065626189E-03,1.180190081987E-05
-7.50000E-10,7.390331523493E-03,1.065041540470E-05
-7.00000E-10,6.973263388500E-03,1.026121891383E-05
-6.50000E-10,6.470661191270E-03,9.623166837730E-06
-6.00000E-10,6.298114126548E-03,1.043786514830E-05
-5.50000E-10,6.234838208184E-03,1.241138243396E-05
-5.00000E-10,5.773174623027E-03,1.478957888950E-05
-4.50000E-10,3.134300047532E-03,1.755157361086E-05
-4.00000E-10,-3.916839556769E-03,1.919465997536E-05
-3.50000E-10,-1.868484164588E-02,1.968922541756E-05
-3.00000E-10,-4.376332270913E-02,1.939575356711E-05
-2.50000E-10,-8.074900968932E-02,1.800443549920E-05
-2.00000E-10,-1.291573643219E-01,1.557373903971E-05
-1.50000E-10,-1.868307971861E-01,1.355301641207E-05
-1.00000E-10,-2.493319785688E-01,1.171014393959E-05
-5.00000E-11,-3.114649937022E-01,1.086974904221E-05
9.21014E-23,-3.679155767430E-01,1.125239516888E-05
5.00000E-11,-4.148988611531E-01,1.150404048432E-05
1.00000E-10,-4.502571601886E-01,1.202705988008E-05
1.50000E-10,-4.738440922927E-01,1.207565685082E-05
2.00000E-10,-4.871151670348E-01,1.197575732414E-05
2.50000E-10,-4.928258936387E-01,1.034239941556E-05
3.00000E-10,-4.938239878509E-01,9.621160303242E-06
3.50000E-10,-4.922131197061E-01,8.904303203336E-06
4.00000E-10,-4.896139157470E-01,8.204514591954E-06
4.50000E-10,-4.868694194127E-01,8.421213843859E-06
5.00000E-10,-4.843900217209E-01,8.432748180813E-06
5.50000E-10,-4.820021418389E-01,8.851777308621E-06
6.00000E-10,-4.800285915378E-01,8.265655639581E-06
6.50000E-10,-4.788760137279E-01,7.149595267139E-06
7.00000E-10,-4.788245516364E-01,5.253031815401E-06
7.50000E-10,-4.791954247747E-01,4.256017192266E-06
8.00000E-10,-4.787369588856E-01,3.331619699485E-06
8.50000E-10,-4.751124977600E-01,3.901747346855E-06
9.00000E-10,-4.651567320805E-01,5.560419953428E-06
9.50000E-10,-4.454365595710E-01,8.135942894033E-06
1.00000E-09,-4.137060525361E-01,1.167271883506E-05
1.05000E-09,-3.694023186807E-01,1.502452465985E-05
1.10000E-09,-3.143232455011E-01,1.746571335290E-05
1.15000E-09,-2.519507705700E-01,1.821635790449E-05
1.20000E-09,-1.875634812284E-01,1.780991816241E-05
1.25000E-09,-1.267018927727E-01,1.630045404937E-05
1.30000E-09,-7.396319364198E-02,1.377743758540E-05
1.35000E-09,-3.217365401797E-02,1.199327242840E-05
1.40000E-09,-2.394555555657E-03,9.771009593271E-06
1.45000E-09,1.596177513711E-02,8.749346959405E-06
1.50000E-09,2.487932895310E-02,8.004644338972E-06
1.55000E-09,2.673959643580E-02,7.232154452242E-06
1.60000E-09,2.402697601356E-02,5.916418007575E-06
1.65000E-09,1.847829208709E-02,5.070191214792E-06
1.70000E-09,1.184864719398E-02,3.906925500370E-06
1.75000E-09,5.231317644939E-03,3.166870272717E-06
1.80000E-09,-3.215213771910E-04,3.546869068406E-06
1.85000E-09,-4.517219914123E-03,5.712236941792E-06
1.90000E-09,-7.043292699382E-03,8.659667813219E-06
1.95000E-09,-7.992299692705E-03,1.272012336459E-05
2.00000E-09,-7.576079061255E-03,1.613595058490E-05
2.05000E-09,-6.545425346121E-03,1.915215380769E-05
2.10000E-09,-5.170345259830E-03,2.014725898672E-05
2.15000E-09,-3.981349477544E-03,1.956976541597E-05
2.20000E-09,-2.954508597031E-03,1.740845592041E-05
2.25000E-09,-2.332223532721E-03,1.414570786338E-05
2.30000E-09,-2.032508095726E-03,1.036805069353E-05
2.35000E-09,-2.007540734485E-03,7.309108286164E-06
2.40000E-09,-2.223202912137E-03,4.534951376728E-06
2.45000E-09,-2.578038675711E-03,3.391848097554E-06
2.50000E-09,-3.009682474658E-03,3.758998599834E-06
2.55000E-09,-3.461907571182E-03,5.139377818443E-06
2.60000E-09,-3.744365600869E-03,7.121749746613E-06
2.65000E-09,-3.543383395299E-03,9.766549908556E-06
2.70000E-09,-2.883519930765E-03,1.313420735579E-05
2.75000E-09,-1.888918178156E-03,1.615120671969E-05
2.80000E-09,-7.407385390252E-04,1.788193333242E-05
2.85000E-09,5.304650869220E-04,1.887477954198E-05
2.90000E-09,1.656822441146E-03,1.882054485660E-05
2.95000E-09,2.457747748122E-03,1.779076546710E-05
3.00000E-09,2.802559221163E-03,1.586816884857E-05
3.05000E-09,3.060298552737E-03,1.344232690800E-05
3.10000E-09,3.215791704133E-03,1.097065183613E-05
3.15000E-09,3.351172944531E-03,9.339753550478E-06
3.20000E-09,3.408086532727E-03,8.117366268299E-06
3.25000E-09,3.728746483102E-03,7.684725069441E-06
3.30000E-09,4.101366782561E-03,7.789828640409E-06
3.35000E-09,4.374567931518E-03,8.392604545689E-06
3.40000E-09,4.387172451243E-03,1.003915380035E-05
3.45000E-09,4.410931887105E-03,1.211207221542E-05
3.50000E-09,4.244489641860E-03,1.523130127508E-05
3.55000E-09,3.926447639242E-03,1.836556639802E-05
3.60000E-09,3.426283644512E-03,2.157265577745E-05
3.65000E-09,3.072186885402E-03,2.334643226396E-05
3.70000E-09,2.932794904336E-03,2.362310100626E-05
3.75000E-09,2.980582462624E-03,2.268869673181E-05
3.80000E-09,3.115640999749E-03,2.001713846158E-05
3.85000E-09,3.482047514990E-03,1.599154482875E-05
3.90000E-09,3.892317926511E-03,1.189037604537E-05
3.95000E-09,4.305382771417E-03,7.292046270332E-06
4.00000E-09,4.554952541366E-03,3.796650248579E-06
4.05000E-09,4.728048155084E-03,2.114061045460E-06
4.10000E-09,4.834732552990E-03,1.982115221209E-06
4.15000E-09,4.885085439309E-03,3.559607326052E-06
4.20000E-09,4.811552865431E-03,6.131757994183E-06
4.25000E-09,4.832143476233E-03,9.208396741189E-06
4.30000E-09,4.826457751915E-03,1.331248470861E-05
4.35000E-09,4.821119876578E-03,1.671082271542E-05
4.40000E-09,4.714397760108E-03,1.911786148604E-05
4.45000E-09,4.639140376821E-03,2.074512859154E-05
4.50000E-09,4.611543426290E-03,2.121155724209E-05
4.55000E-09,4.628656944260E-03,2.060023738351E-05
4.60000E-09,4.724352201447E-03,1.888507759478E-05
4.65000E-09,4.949992569163E-03,1.617195816990E-05
4.70000E-09,5.204946780577E-03,1.327475538757E-05
4.75000E-09,5.477280402556E-03,1.061787070986E-05
4.80000E-09,5.701150791720E-03,8.481875912287E-06
4.85000E-09,5.845763767138E-03,7.398159581236E-06
4.90000E-09,5.926984408870E-03,7.841331849806E-06
4.95000E-09,6.028865510598E-03,9.042592265644E-06
5.00000E-09,6.227348977700E-03,1.125717848819E-05
5.05000E-09,6.397864362225E-03,1.310620649066E-05
5.10000E-09,6.494797812775E-03,1.557981689740E-05
5.15000E-09,6.426048045978E-03,1.678022939060E-05
5.20000E-09,6.211852235720E-03,1.687338437233E-05
5.25000E-09,5.859763873741E-03,1.626981232595E-05
5.30000E-09,5.562709691003E-03,1.473917603772E-05
5.35000E-09,5.396392708644E-03,1.290880880598E-05
5.40000E-09,5.369823472574E-03,1.102486710343E-05
5.45000E-09,4.688163334504E-03,8.650741971098E-06
5.50000E-09,2.219331031665E-03,6.713536486961E-06
5.55000E-09,-3.563188435510E-03,4.724562413058E-06
5.60000E-09,-1.432844665833E-02,3.635447856970E-06
5.65000E-09,-3.151053371839E-02,3.168520809151E-06
5.70000E-09,-5.561122852378E-02,3.278129373677E-06
5.75000E-09,-8.591848234646E-02,3.580216377043E-06
5.80000E-09,-1.204432337079E-01,5.518418655731E-06
5.85000E-09,-1.565199209843E-01,7.549937733449E-06
5.90000E-09,-1.908481958788E-01,1.037320295628E-05
5.95000E-09,-2.205974231008E-01,1.335689384770E-05
6.00000E-09,-2.436056588311E-01,1.560298266169E-05
6.05000E-09,-2.592847025488E-01,1.727400516439E-05
6.10000E-09,-2.681144386996E-01,1.841380737070E-05
6.15000E-09,-2.715741856489E-01,1.842571712378E-05
6.20000E-09,-2.715795281809E-01,1.679346604552E-05
6.25000E-09,-2.701883627567E-01,1.406661804114E-05
6.30000E-09,-2.688856934663E-01,1.117559020687E-05
6.35000E-09,-2.684042998124E-01,8.712096617557E-06
6.40000E-09,-2.689447463024E-01,6.885923690162E-06
6.45000E-09,-2.703209761065E-01,5.905433849431E-06
6.50000E-09,-2.722690924536E-01,6.117356254718E-06
6.55000E-09,-2.742885080632E-01,7.311749144458E-06
6.60000E-09,-2.762210117187E-01,8.696031396277E-06
6.65000E-09,-2.779568801168E-01,1.005052632000E-05
6.70000E-09,-2.791412900668E-01,1.097839317564E-05
6.75000E-09,-2.787243672181E-01,1.118378463481E-05
6.80000E-09,-2.754262876231E-01,1.127708848845E-05
6.85000E-09,-2.675778320525E-01,1.144779279176E-05
6.90000E-09,-2.536209225189E-01,1.134336885344E-05
6.95000E-09,-2.324809138197E-01,1.178536956478E-05
7.00000E-09,-2.042623310816E-01,1.189849927370E-05
7.05000E-09,-1.704211257864E-01,1.156270896364E-05
7.10000E-09,-1.335683674086E-01,1.148819533456E-05
7.15000E-09,-9.684991738759E-02,1.082020705845E-05
7.20000E-09,-6.368621806614E-02,1.009105831664E-05
7.25000E-09,-3.666894412600E-02,9.129662916996E-06
7.30000E-09,-1.723133767955E-02,8.694943984039E-06
7.35000E-09,-5.396770266816E-03,8.688160602933E-06
7.40000E-09,5.682511255101E-06,9.288373322225E-06
7.45000E-09,5.700355861336E-04,1.079452341702E-05
7.50000E-09,-1.517116045579E-03,1.273597498704E-05
7.55000E-09,-4.600838711485E-03,1.457850440685E-05
7.60000E-09,-7.399992039427E-03,1.570459745172E-05
7.65000E-09,-9.343348862603E-03,1.567993002292E-05
7.70000E-09,-1.010705665685E-02,1.496753260773E-05
7.75000E-09,-9.855752298608E-03,1.296274574753E-05
7.80000E-09,-8.726680139080E-03,1.061464730930E-05
7.85000E-09,-7.101288950071E-03,8.403601649217E-06
7.90000E-09,-5.132633214816E-03,6.043548149056E-06
7.95000E-09,-3.188701299951E-03,4.363671003840E-06
8.00000E-09,-1.381989987567E-03,3.455532913095E-06
8.05000E-09,2.440628595646E-05,2.963342948817E-06
8.10000E-09,9.274268988519E-04,3.349691455252E-06
8.15000E-09,1.332802744582E-03,3.987918294035E-06
8.20000E-09,1.355561939999E-03,4.404461908154E-06
8.25000E-09,1.059927092865E-03,5.117778445593E-06
8.30000E-09,5.920026917010E-04,6.282377534545E-06
8.35000E-09,1.724720932539E-05,7.129834138787E-06
8.40000E-09,-4.818844143302E-04,8.794649329968E-06
8.45000E-09,-8.923415560276E-04,1.009270238038E-05
8.50000E-09,-1.198096154258E-03,1.162334514130E-05
8.55000E-09,-1.285482617095E-03,1.212478458229E-05
8.60000E-09,-1.171152526513E-03,1.263749297988E-05
8.65000E-09,-7.444568444044E-04,1.296803393681E-05
8.70000E-09,-9.639882482593E-05,1.256332240347E-05
8.75000E-09,7.238495629280E-04,1.111367890891E-05
8.80000E-09,1.547433948144E-03,1.009975114185E-05
8.85000E-09,2.371692610905E-03,9.530833887867E-06
8.90000E-09,3.072581300512E-03,9.146802605130E-06
8.95000E-09,3.562042536214E-03,8.828928706236E-06
9.00000E-09,3.811979712918E-03,8.846722136252E-06
9.05000E-09,3.992543136701E-03,8.844547311775E-06
9.10000E-09,4.092653328553E-03,9.266566823237E-06
9.15000E-09,4.072614060715E-03,9.560957795940E-06
9.20000E-09,3.975355112925E-03,9.740678559057E-06
9.25000E-09,3.925080457702E-03,1.009544032905E-05
9.30000E-09,3.854018216953E-03,9.983236215077E-06
9.35000E-09,3.727685241029E-03,9.587379324249E-06
9.40000E-09,3.498774999753E-03,9.128581977449E-06
9.45000E-09,3.354762727395E-03,8.726394793950E-06
9.50000E-09,3.190628299490E-03,8.030418598093E-06
9.55000E-09,3.028059424832E-03,8.036256966180E-06
9.60000E-09,2.897572750226E-03,8.222152677364E-06
9.65000E-09,2.794962888583E-03,8.300258650444E-06
9.70000E-09,2.708151983097E-03,8.701403730549E-06
9.75000E-09,2.677191561088E-03,9.134510963224E-06
9.80000E-09,2.697965176776E-03,9.183431568555E-06
9.85000E-09,2.746466128156E-03,9.163489204831E-06
9.90000E-09,2.839930867776E-03,8.599381160922E-06
9.95000E-09,2.929551107809E-03,8.102854493073E-06
1.00000E-08,3.057140437886E-03,7.167790004052E-06
1.00500E-08,3.142805350944E-03,6.538417807780E-06
1.01000E-08,3.167068166658E-03,6.014537543989E-06
1.01500E-08,3.114741342142E-03,5.673815042712E-06
1.02000E-08,3.034320706502E-03,5.821987905540E-06
1.02500E-08,2.910654572770E-03,5.967125075869E-06
1.03000E-08,2.749260561541E-03,6.673612923362E-06
1.03500E-08,2.589673316106E-03,6.931989838369E-06
1.04000E-08,2.461206680164E-03,7.232853502966E-06
1.04500E-08,2.421620814130E-03,7.488434215075E-06
1.05000E-08,2.415854996070E-03,6.989726250059E-06
1.05500E-08,2.549361949786E-03,6.494921318255E-06
1.06000E-08,2.826464874670E-03,5.935719574801E-06
1.06500E-08,3.240097826347E-03,5.284061900340E-06
1.07000E-08,3.770663449541E-03,4.550039221533E-06
1.07500E-08,4.366140393540E-03,4.610604199580E-06
1.08000E-08,4.895886918530E-03,4.931144847535E-06
1.08500E-08,5.292409611866E-03,5.388854782096E-06
1.09000E-08,5.462912423536E-03,6.033030024730E-06
1.09500E-08,5.434684501961E-03,7.257540349848E-06
1.10000E-08,5.264751194045E-03,8.281060646287E-06
1.10500E-08,5.084106279537E-03,9.487984667532E-06
1.11000E-08,4.978708969429E-03,9.880747611634E-06
1.11500E-08,4.995137965307E-03,9.856753342785E-06
1.12000E-08,5.066166678444E-03,9.523008403367E-06
1.12500E-08,5.228055221960E-03,8.471590804866E-06
1.13000E-08,5.346773704514E-03,7.463954494335E-06
1.13500E-08,5.492535466328E-03,6.071354833432E-06
1.14000E-08,5.941790109500E-03,5.279356253333E-06
1.14500E-08,7.113289134577E-03,5.293835665100E-06
1.15000E-08,9.520971728489E-03,5.250397429801E-06
1.15500E-08,1.376267340966E-02,6.109097099862E-06
1.16000E-08,2.009460846893E-02,7.118092675692E-06
1.16500E-08,2.857100828551E-02,8.679105306976E-06
1.17000E-08,3.892091806047E-02,1.001456404384E-05
1.17500E-08,5.049038450234E-02,1.145465384517E-05
1.18000E-08,6.248732241802E-02,1.222682657000E-05
1.18500E-08,7.416007579304E-02,1.294151531812E-05
1.19000E-08,8.479385455139E-02,1.245187559444E-05
1.19500E-08,9.395157876424E-02,1.148547033127E-05
1.20000E-08,1.013349206652E-01,1.018677648436E-05
1.20500E-08,1.070214608219E-01,8.485500619746E-06
1.21000E-08,1.111447746400E-01,6.666033401154E-06
1.21500E-08,1.138785160612E-01,5.324936949647E-06
1.22000E-08,1.154487538617E-01,4.691830010154E-06
1.22500E-08,1.161500923801E-01,4.948698787949E-06
1.23000E-08,1.161797843408E-01,5.469679285771E-06
1.23500E-08,1.156791234855E-01,6.516928470693E-06
1.24000E-08,1.149412487168E-01,7.105859288014E-06
1.24500E-08,1.141958870459E-01,7.743296458385E-06
1.25000E-08,1.137061627116E-01,8.469623106532E-06
1.25500E-08,1.135210255627E-01,8.267228503712E-06
1.26000E-08,1.137212696951E-01,8.951463236474E-06
1.26500E-08,1.141139506828E-01,9.201483906247E-06
1.27000E-08,1.142185391393E-01,9.676670108922E-06
1.27500E-08,1.133636325132E-01,9.611548355781E-06
1.28000E-08,1.108948998619E-01,9.230617492459E-06
1.28500E-08,1.062866729219E-01,8.268607187084E-06
1.29000E-08,9.925555209629E-02,7.363498316147E-06
1.29500E-08,8.993627880700E-02,6.227107218466E-06
1.30000E-08,7.876892113127E-02,5.156588706187E-06
1.30500E-08,6.663048877381E-02,5.718489562162E-06
1.31000E-08,5.440483898856E-02,6.617391121573E-06
1.31500E-08,4.291728376411E-02,8.293514105490E-06
1.32000E-08,3.277147985063E-02,9.750439378432E-06
1.32500E-08,2.437356212176E-02,1.170380070154E-05
1.33000E-08,1.785340071656E-02,1.358022113610E-05
1.33500E-08,1.308103515767E-02,1.514726631623E-05
1.34000E-08,9.990245616063E-03,1.597975805681E-05
1.34500E-08,8.383355149999E-03,1.635167893302E-05
1.35000E-08,8.003785787150E-03,1.625433611963E-05
1.35500E-08,8.647104306146E-03,1.599335070979E-05
1.36000E-08,9.889957075939E-03,1.541891224962E-05
1.36500E-08,1.150795123540E-02,1.499073720817E-05
1.37000E-08,1.306119472720E-02,1.392388223950E-05
1.37500E-08,1.433793180622E-02,1.280180873629E-05
1.38000E-08,1.513868621550E-02,1.211835719924E-05
1.38500E-08,1.542934314348E-02,1.162816082407E-05
1.39000E-08,1.533733918332E-02,1.146977405343E-05
1.39500E-08,1.489209481515E-02,1.157693594042E-05
1.40000E-08,1.432217475958E-02,1.202821849193E-05
1.40500E-08,1.375365774147E-02,1.287182384450E-05
1.41000E-08,1.326198833995E-02,1.299680505227E-05
1.41500E-08,1.289764144458E-02,1.290928131249E-05
1.42000E-08,1.264611822553E-02,1.287814766448E-05
1.42500E-08,1.251369114034E-02,1.219118792843E-05
1.43000E-08,1.247378210537E-02,1.071955022681E-05
1.43500E-08,1.249202112667E-02,9.226047771982E-06
1.44000E-08,1.248977850191E-02,7.790327037684E-06
1.44500E-08,1.245294748805E-02,6.612556020729E-06
1.45000E-08,1.228783098049E-02,5.135028169489E-06
1.45500E-08,1.197468913160E-02,4.894781264477E-06
1.46000E-08,1.166353146546E-02,4.548660538159E-06
1.46500E-08,1.119283963926E-02,4.868955223820E-06
1.47000E-08,1.077313772403E-02,5.806045665406E-06
1.47500E-08,1.040578777902E-02,7.671009435318E-06
1.48000E-08,1.013910542242E-02,8.722964267247E-06
1.48500E-08,9.947313042358E-03,1.084418190922E-05
1.49000E-08,9.782091295347E-03,1.279654643778E-05
1.49500E-08,9.698852011934E-03,1.452937020268E-05
1.50000E-08,9.593101730570E-03,1.607409754116E-05
1.50500E-08,9.445569524541E-03,1.712225937564E-05
1.51000E-08,9.265677118674E-03,1.754527568165E-05
1.51500E-08,9.092259267345E-03,1.739412538055E-05
1.52000E-08,8.983737835661E-03,1.716240301076E-05
1.52500E-08,8.853886323050E-03,1.696119938325E-05
1.53000E-08,8.820573845878E-03,1.651689439360E-05
1.53500E-08,8.763060485944E-03,1.578863241058E-05
1.54000E-08,8.697929373011E-03,1.476071715634E-05
1.54500E-08,8.628243627027E-03,1.337844143901E-05
1.55000E-08,8.507981942967E-03,1.131940694805E-05
1.55500E-08,8.342318283394E-03,9.168272524141E-06
1.56000E-08,8.144794544205E-03,7.192832848987E-06
1.56500E-08,8.026448590681E-03,4.988059227355E-06
1.57000E-08,7.954068528488E-03,3.578384605235E-06
1.57500E-08,7.962744263932E-03,3.230367380194E-06
1.58000E-08,8.023956371471E-03,3.298498935066E-06
1.58500E-08,8.159320382401E-03,3.409518546424E-06
1.59000E-08,8.310775319114E-03,4.413219460285E-06
1.59500E-08,8.470742078498E-03,5.204447790048E-06
1.60000E-08,8.648804435506E-03,6.057276728562E-06
1.60500E-08,8.788198279217E-03,6.693742995150E-06
1.61000E-08,8.943340322003E-03,6.992936705238E-06
1.61500E-08,9.057900914922E-03,7.512771536596E-06
1.62000E-08,9.083514614031E-03,7.578689430840E-06
1.62500E-08,9.030578704551E-03,6.895548583009E-06
1.63000E-08,8.978467015549E-03,6.116385350934E-06
1.63500E-08,8.867543237284E-03,5.112904508598E-06
1.64000E-08,8.760849526152E-03,4.147483094595E-06
1.64500E-08,8.646643301472E-03,3.756415995768E-06
1.65000E-08,8.606958715245E-03,4.109138867817E-06
1.65500E-08,8.572193840519E-03,5.504353496246E-06
1.66000E-08,8.601578930393E-03,7.356604899280E-06
1.66500E-08,8.604304445907E-03,9.495460626669E-06
1.67000E-08,8.597767492756E-03,1.139172633458E-05
1.67500E-08,8.586675906554E-03,1.223659386206E-05
1.68000E-08,8.606331469491E-03,1.234809245262E-05
1.68500E-08,8.599268319085E-03,1.162738410104E-05
1.69000E-08,8.567002648488E-03,1.079252335522E-05
1.69500E-08,8.508558897302E-03,9.175321285613E-06
1.70000E-08,8.410194003954E-03,8.006404911167E-06
1.70500E-08,8.249811874703E-03,7.804864703677E-06
1.71000E-08,8.054208057001E-03,8.040515997447E-06
1.71500E-08,7.861186331138E-03,9.093862458133E-06
1.72000E-08,7.739519746974E-03,9.892709146253E-06
1.72500E-08,7.703305268660E-03,1.093319436815E-05
1.73000E-08,7.701738784090E-03,1.166750831809E-05
1.73500E-08,7.657727273181E-03,1.193910246994E-05
1.74000E-08,7.350710732862E-03,1.210800089221E-05
1.74500E-08,6.586353341117E-03,1.222595922928E-05
1.75000E-08,5.179374990985E-03,1.031505876500E-05
1.75500E-08,3.041381062940E-03,9.329533169978E-06
1.76000E-08,1.640529837459E-04,7.897094090470E-06
1.76500E-08,-3.332706587389E-03,6.368063029833E-06
1.77000E-08,-7.240953342989E-03,5.018280225805E-06
1.77500E-08,-1.138431015424E-02,4.353955493308E-06
1.78000E-08,-1.549680526368E-02,4.156124138273E-06
1.78500E-08,-1.945812623017E-02,5.344031390733E-06
1.79000E-08,-2.312572761439E-02,6.467108161188E-06
1.79500E-08,-2.636681539007E-02,7.828114612959E-06
1.80000E-08,-2.905736346729E-02,9.015691758133E-06
1.80500E-08,-3.119965218939E-02,9.508684336208E-06
1.81000E-08,-3.277178895660E-02,9.649044659920E-06
1.81500E-08,-3.373497673310E-02,8.808481472543E-06
1.82000E-08,-3.414622223936E-02,7.954636321403E-06
1.82500E-08,-3.413367685862E-02,6.170704181305E-06
1.83000E-08,-3.382105748169E-02,5.719687010162E-06
1.83500E-08,-3.333246703260E-02,4.811432410962E-06
1.84000E-08,-3.282927297987E-02,4.472464009187E-06
1.84500E-08,-3.244920955040E-02,4.781230830588E-06
1.85000E-08,-3.225297708996E-02,4.813769052736E-06
1.85500E-08,-3.220959049650E-02,6.025987735948E-06
1.86000E-08,-3.223407776095E-02,6.822899089194E-06
1.86500E-08,-3.217181093059E-02,7.942998421377E-06
1.87000E-08,-3.183470242657E-02,8.961321146228E-06
1.87500E-08,-3.096576821990E-02,9.575100627728E-06
1.88000E-08,-2.946791932918E-02,1.059091842081E-05
1.88500E-08,-2.723272000439E-02,1.077282048110E-05
1.89000E-08,-2.429417190142E-02,1.154265009146E-05
1.89500E-08,-2.076286585070E-02,1.143993494380E-05
1.90000E-08,-1.696252445690E-02,1.129605347570E-05
1.90500E-08,-1.299813571386E-02,1.108049341757E-05
1.91000E-08,-9.098367253318E-03,1.047607344855E-05
1.91500E-08,-5.438159639016E-03,1.046386595163E-05
1.92000E-08,-2.121151844040E-03,9.930775047280E-06
1.92500E-08,7.306570652872E-04,1.011798471492E-05
1.93000E-08,3.071298869327E-03,1.026039040927E-05
1.93500E-08,4.823965532705E-03,1.081397385616E-05
1.94000E-08,5.923125008121E-03,1.092305165995E-05
1.94500E-08,6.389119708911E-03,1.104946333263E-05
1.95000E-08,6.275703245774E-03,1.117390730698E-05
1.95500E-08,5.714270332828E-03,1.097177808452E-05
1.96000E-08,4.943815572187E-03,1.031779024098E-05
1.96500E-08,4.115279810503E-03,9.977592027746E-06
1.97000E-08,3.352640708908E-03,9.340258420445E-06
1.97500E-08,2.779162535444E-03,8.345328004099E-06
1.98000E-08,2.458526799455E-03,8.223026490770E-06
1.98500E-08,2.291344152763E-03,7.416962751187E-06
1.99000E-08,2.245748462155E-03,6.817157811485E-06
1.99500E-08,2.305712597445E-03,6.637773628346E-06
2.00000E-08,2.412737859413E-03,6.506436237133E-06
2.00500E-08,2.602964686230E-03,6.746424234472E-06
2.01000E-08,2.833829307929E-03,7.405538449995E-06
2.01500E-08,3.156145149842E-03,8.055370825343E-06
2.02000E-08,3.486121585593E-03,8.828948124311E-06
2.02500E-08,3.832461824641E-03,9.095454740338E-06
2.03000E-08,4.157794220373E-03,1.005138071533E-05
2.03500E-08,4.352703271434E-03,1.072574459296E-05
2.04000E-08,4.460497340187E-03,1.076310497057E-05
2.04500E-08,4.449812276289E-03,1.097432185244E-05
2.05000E-08,4.392747813836E-03,1.095353803877E-05
2.05500E-08,4.363692877814E-03,1.095108488854E-05
2.06000E-08,4.368608864024E-03,1.027471447643E-05
2.06500E-08,4.450202034786E-03,9.069395682773E-06
2.07000E-08,4.582972778007E-03,7.657119038515E-06
2.07500E-08,4.776490898803E-03,5.814453692176E-06
2.08000E-08,4.982431465760E-03,4.536847875453E-06
2.08500E-08,5.152466753498E-03,3.408948949537E-06
2.09000E-08,5.291758617386E-03,3.033927653915E-06
2.09500E-08,5.417100666091E-03,2.891742031089E-06
2.10000E-08,5.472284788266E-03,3.909689339809E-06
2.10500E-08,5.561293615028E-03,5.128976202570E-06
2.11000E-08,5.590892909095E-03,6.065594137647E-06
2.11500E-08,5.655495962128E-03,7.324487402104E-06
2.12000E-08,5.626928107813E-03,7.707884361035E-06
2.12500E-08,5.635128403082E-03,7.845946879127E-06
2.13000E-08,5.625722976401E-03,7.759665896185E-06
2.13500E-08,5.647553177550E-03,7.409033703618E-06
2.14000E-08,5.725403828546E-03,7.480194478295E-06
2.14500E-08,5.830316850916E-03,8.023525181226E-06
2.15000E-08,5.945092113689E-03,9.345061157830E-06
2.15500E-08,6.060572387651E-03,1.026119302306E-05
2.16000E-08,6.158020393923E-03,1.129441588465E-05
2.16500E-08,6.194431846961E-03,1.232565810252E-05
2.17000E-08,6.174346012995E-03,1.294097161200E-05
2.17500E-08,6.123297428712E-03,1.350107953232E-05
2.18000E-08,6.108237011358E-03,1.336223381851E-05
2.18500E-08,6.082383031025E-03,1.296688827034E-05
2.19000E-08,6.133431149647E-03,1.230213634018E-05
2.19500E-08,6.188380578533E-03,1.218726547714E-05
2.20000E-08,6.242850376293E-03,1.138507240731E-05
2.20500E-08,6.270042201504E-03,1.181096906122E-05
2.21000E-08,6.274706264958E-03,1.255622833315E-05
2.21500E-08,6.257470743731E-03,1.325504604075E-05
2.22000E-08,6.208977242932E-03,1.409043107461E-05
2.22500E-08,6.171090109274E-03,1.512949877698E-05
2.23000E-08,6.094518164173E-03,1.574290931504E-05
2.23500E-08,6.063852505758E-03,1.497049062792E-05
2.24000E-08,5.995318340138E-03,1.395522301365E-05
2.24500E-08,5.951381335035E-03,1.208430436719E-05
2.25000E-08,5.890934308991E-03,9.647517104633E-06
2.25500E-08,5.847254814580E-03,7.399855426513E-06
2.26000E-08,5.808381875977E-03,5.795417505316E-06
2.26500E-08,5.806993739679E-03,4.712672078050E-06
2.27000E-08,5.835796752945E-03,4.667136690579E-06
2.27500E-08,5.905811721459E-03,5.213283014484E-06
2.28000E-08,5.926041910425E-03,6.402484805323E-06
2.28500E-08,5.998342344537E-03,7.931379939430E-06
2.29000E-08,6.082723895088E-03,9.261330415494E-06
2.29500E-08,6.156130740419E-03,9.862481675111E-06
2.30000E-08,6.175841717049E-03,9.628163755871E-06
2.30500E-08,6.241721613333E-03,8.923663024791E-06
2.31000E-08,6.247344939038E-03,8.124628628604E-06
2.31500E-08,6.220991304144E-03,6.357609632425E-06
2.32000E-08,6.182936066762E-03,5.706437409854E-06
2.32500E-08,6.142025394365E-03,4.548032687046E-06
2.33000E-08,6.162746855989E-03,4.664418159984E-06
2.33500E-08,6.298023788258E-03,5.410428264178E-06
2.34000E-08,6.564462138340E-03,5.916767532936E-06
2.34500E-08,7.032242184505E-03,6.912934233435E-06
2.35000E-08,7.732489658520E-03,7.609881333075E-06
2.35500E-08,8.614616515115E-03,8.285494440236E-06
2.36000E-08,9.735384071246E-03,8.172545966693E-06
2.36500E-08,1.097811390646E-02,7.446808333509E-06
2.37000E-08,1.240597344004E-02,6.979920121841E-06
2.37500E-08,1.378698605113E-02,6.357842649332E-06
2.38000E-08,1.529380357824E-02,6.390445598400E-06
2.38500E-08,1.679161987267E-02,6.994949712418E-06
2.39000E-08,1.821099738590E-02,7.806431095115E-06
2.39500E-08,1.949128047563E-02,9.095830156467E-06
2.40000E-08,2.063814462163E-02,1.040752116870E-05
2.40500E-08,2.156490790658E-02,1.122927471343E-05
2.41000E-08,2.226266036741E-02,1.113637216668E-05
2.41500E-08,2.269899989478E-02,1.087973640580E-05
2.42000E-08,2.291880925186E-02,1.000367697608E-05
2.42500E-08,2.292223698460E-02,8.952259377576E-06
2.43000E-08,2.286756136455E-02,8.555082057602E-06
2.43500E-08,2.273576245643E-02,7.514473854563E-06
2.44000E-08,2.254894613288E-02,7.317205623723E-06
2.44500E-08,2.243940676562E-02,7.615059486590E-06
2.45000E-08,2.233990426175E-02,7.927483378909E-06
2.45500E-08,2.224839110859E-02,8.462160092778E-06
2.46000E-08,2.213848433457E-02,9.451724647544E-06
2.46500E-08,2.186589785852E-02,1.015300197806E-05
2.47000E-08,2.148055476137E-02,1.086434434447E-05
2.47500E-08,2.087651151232E-02,1.134949849266E-05
2.48000E-08,2.007203833200E-02,1.134535596985E-05
2.48500E-08,1.912537640892E-02,1.127044750657E-05
2.49000E-08,1.802717433311E-02,1.163299592491E-05
2.49500E-08,1.685710768215E-02,1.160900812875E-05
2.50000E-08,1.557836313732E-02,1.162191467639E-05
2.50500E-08,1.425297423266E-02,1.170467451494E-05
2.51000E-08,1.290563684888E-02,1.109825448412E-05
2.51500E-08,1.161682889797E-02,1.081023911294E-05
2.52000E-08,1.041455757804E-02,9.927901172080E-06
2.52500E-08,9.377109864727E-03,9.146899695507E-06
2.53000E-08,8.508661342785E-03,8.015065372921E-06
2.53500E-08,7.905547553673E-03,6.884163117967E-06
2.54000E-08,7.519506895915E-03,6.423067965545E-06
2.54500E-08,7.342390296981E-03,5.956665205769E-06
2.55000E-08,7.341252686456E-03,6.326223549433E-06
2.55500E-08,7.467426406220E-03,6.851081189699E-06
2.56000E-08,7.675364660099E-03,7.198489981703E-06
2.56500E-08,7.978969765827E-03,7.566307171247E-06
2.57000E-08,8.322472730651E-03,7.932583860122E-06
2.57500E-08,8.660028735176E-03,8.569529105908E-06
2.58000E-08,8.976920088753E-03,8.930439933203E-06
2.58500E-08,9.240979375318E-03,1.007958223391E-05
2.59000E-08,9.413118986413E-03,1.059856266994E-05
2.59500E-08,9.552755439654E-03,1.185168229323E-05
2.60000E-08,9.579316293821E-03,1.328924127202E-05
2.60500E-08,9.559338027611E-03,1.403782103490E-05
2.61000E-08,9.488865314051E-03,1.489929748979E-05
2.61500E-08,9.373660711572E-03,1.501744353492E-05
2.62000E-08,9.196404879913E-03,1.424138719495E-05
2.62500E-08,8.990262215957E-03,1.316299141664E-05
2.63000E-08,8.756731217727E-03,1.198046944383E-05
2.63500E-08,8.541871840134E-03,1.078925464582E-05
2.64000E-08,8.340710354969E-03,1.004337399546E-05
2.64500E-08,8.209047419950E-03,1.006184705812E-05
2.65000E-08,8.157556923106E-03,1.054146705475E-05
2.65500E-08,8.171547250822E-03,1.232301077153E-05
2.66000E-08,8.222695020959E-03,1.315415619221E-05
2.66500E-08,8.280976722017E-03,1.372941021155E-05
2.67000E-08,8.338648406789E-03,1.446157522779E-05
2.67500E-08,8.367001125589E-03,1.473150589783E-05
2.68000E-08,8.384522097185E-03,1.494532480184E-05
2.68500E-08,8.366780867800E-03,1.492023664806E-05
2.69000E-08,8.317640563473E-03,1.470251471084E-05
2.69500E-08,8.262809412554E-03,1.466066875774E-05
2.70000E-08,8.191863587126E-03,1.406473448779E-05
2.70500E-08,8.091376675293E-03,1.328486573230E-05
2.71000E-08,8.046779362485E-03,1.181525398325E-05
2.71500E-08,7.998220669106E-03,1.016490525845E-05
2.72000E-08,7.968685636297E-03,8.375581366009E-06
2.72500E-08,7.976819342002E-03,6.863094505854E-06
2.73000E-08,7.986725820228E-03,6.032324501313E-06
2.73500E-08,7.989968685433E-03,5.603799934499E-06
2.74000E-08,8.044717879966E-03,5.973701330833E-06
2.74500E-08,8.087150799110E-03,6.421352702193E-06
2.75000E-08,8.096598135307E-03,7.229112287052E-06
2.75500E-08,8.115910971537E-03,8.009893692098E-06
2.76000E-08,8.141281129792E-03,8.663493174127E-06
2.76500E-08,8.154077501968E-03,9.462359280324E-06
2.77000E-08,8.194441953674E-03,1.066082349326E-05
2.77500E-08,8.174276491627E-03,1.161436104495E-05
2.78000E-08,8.205638313666E-03,1.264659358468E-05
2.78500E-08,8.212529169396E-03,1.341355579253E-05
2.79000E-08,8.239856967702E-03,1.373229703214E-05
2.79500E-08,8.284758357331E-03,1.332585081737E-05
2.80000E-08,8.323954930529E-03,1.257160744909E-05
2.80500E-08,8.371105929837E-03,1.159185549524E-05
2.81000E-08,8.402324328199E-03,1.010195832979E-05
2.81500E-08,8.414700673893E-03,8.475526201538E-06
2.82000E-08,8.494732016697E-03,7.276045775972E-06
2.82500E-08,8.512160787359E-03,6.510410469956E-06
2.83000E-08,8.536343509331E-03,5.083440815097E-06
2.83500E-08,8.562759077176E-03,4.889395984821E-06
2.84000E-08,8.571588015184E-03,5.078767531551E-06
2.84500E-08,8.568132342771E-03,5.795055034570E-06
2.85000E-08,8.540240162983E-03,6.538961513898E-06
2.85500E-08,8.549569686875E-03,7.295781013555E-06
2.86000E-08,8.586854254827E-03,8.129418420605E-06
2.86500E-08,8.592769550160E-03,9.084845998325E-06
2.87000E-08,8.659456903115E-03,9.293784492648E-06
2.87500E-08,8.724204776809E-03,9.757235704920E-06
2.88000E-08,8.774798410013E-03,9.621865826658E-06
2.88500E-08,8.815723052248E-03,9.553766635246E-06
2.89000E-08,8.847955660894E-03,9.538355155847E-06
2.89500E-08,8.825685875490E-03,9.101001837290E-06
2.90000E-08,8.773577446118E-03,9.329966840334E-06
2.90500E-08,8.717778185382E-03,9.273104242050E-06
2.91000E-08,8.706226991489E-03,9.819418855942E-06
2.91500E-08,8.675460284576E-03,1.005732264649E-05
2.92000E-08,8.681715978309E-03,9.821069392376E-06
2.92500E-08,8.662868337706E-03,9.670262143947E-06
2.93000E-08,8.671212522313E-03,8.944433893076E-06
2.93500E-08,8.589541586116E-03,8.621750784105E-06
2.94000E-08,8.471397263929E-03,7.554876397364E-06
2.94500E-08,8.276170631871E-03,7.245468779466E-06
2.95000E-08,7.958486257121E-03,6.659152929672E-06
2.95500E-08,7.566241594031E-03,6.404310104437E-06
2.96000E-08,7.085795095190E-03,5.745953193866E-06
2.96500E-08,6.584048317745E-03,5.062786455266E-06
2.97000E-08,6.059552123770E-03,4.672735569066E-06
2.97500E-08,5.547793628648E-03,4.223453079349E-06
2.98000E-08,5.039599305019E-03,4.057370278053E-06
2.98500E-08,4.573298199102E-03,4.604940594174E-06
2.99000E-08,4.158080136403E-03,5.183651030995E-06
2.99500E-08,3.760498994961E-03,6.515310297720E-06
3.00000E-08,3.400257369503E-03,7.958869461901E-06
3.00500E-08,3.092407761142E-03,8.996694407425E-06
3.01000E-08,2.847593789920E-03,1.042655088287E-05
3.01500E-08,2.670400822535E-03,1.155492878798E-05
3.02000E-08,2.637413376942E-03,1.289818711858E-05
3.02500E-08,2.670337958261E-03,1.385442378279E-05
3.03000E-08,2.731456467882E-03,1.438167631906E-05
3.03500E-08,2.847211947665E-03,1.466290830914E-05
3.04000E-08,2.950829965994E-03,1.423224775400E-05
3.04500E-08,3.052052157000E-03,1.384611931909E-05
3.05000E-08,3.081511752680E-03,1.307863282319E-05
3.05500E-08,3.144865436479E-03,1.239213264827E-05
3.06000E-08,3.229971555993E-03,1.174145882297E-05
3.06500E-08,3.380854194984E-03,1.099596653413E-05
3.07000E-08,3.579488536343E-03,1.057931935694E-05
3.07500E-08,3.880521794781E-03,1.014083978999E-05
3.08000E-08,4.198033874854E-03,9.174589871428E-06
3.08500E-08,4.584217490628E-03,8.123987832107E-06
3.09000E-08,4.973034886643E-03,7.252083870582E-06
3.09500E-08,5.371879832819E-03,6.268247648142E-06
3.10000E-08,5.821012472734E-03,5.953370605594E-06
3.10500E-08,6.310895131901E-03,6.166755839251E-06
3.11000E-08,6.794527219608E-03,7.024879439734E-06
3.11500E-08,7.256032479927E-03,7.365148852578E-06
3.12000E-08,7.725801365450E-03,7.524202310479E-06
3.12500E-08,8.102015638724E-03,7.807596179656E-06
3.13000E-08,8.388272998854E-03,8.100459597073E-06
3.13500E-08,8.632192900404E-03,7.833726436831E-06
3.14000E-08,8.775904355571E-03,7.956027950159E-06
3.14500E-08,8.853527763858E-03,8.004573139361E-06
3.15000E-08,8.817140525207E-03,8.408779802732E-06
3.15500E-08,8.765304507688E-03,9.168395505287E-06
3.16000E-08,8.630695799366E-03,9.678152355365E-06
3.16500E-08,8.431245619431E-03,1.017878918257E-05
3.17000E-08,8.229811256751E-03,1.045338666346E-05
3.17500E-08,8.025193633512E-03,9.879796125926E-06
3.18000E-08,7.856499450281E-03,8.625517890787E-06
3.18500E-08,7.727698469534E-03,7.384897035546E-06
3.19000E-08,7.711555855349E-03,5.599411449394E-06
3.19500E-08,7.730079395696E-03,4.431550123729E-06
3.20000E-08,7.810091646388E-03,3.181226703338E-06
3.20500E-08,7.886226335540E-03,2.980107220820E-06
3.21000E-08,7.987522566691E-03,3.310382797382E-06
3.21500E-08,8.096475666389E-03,4.137204459869E-06
3.22000E-08,8.173318160698E-03,5.379534105770E-06
3.22500E-08,8.260934660211E-03,6.752107257955E-06
3.23000E-08,8.359297225252E-03,8.428456786088E-06
3.23500E-08,8.428983902559E-03,9.703654761425E-06
3.24000E-08,8.513065101579E-03,1.065572948474E-05
3.24500E-08,8.573649963364E-03,1.169164498616E-05
3.25000E-08,8.617769042030E-03,1.173579521757E-05
3.25500E-08,8.657630113885E-03,1.158696861286E-05
3.26000E-08,8.698039269075E-03,1.123392857891E-05
3.26500E-08,8.734729653224E-03,1.099964302313E-05
3.27000E-08,8.797627454624E-03,1.071284451801E-05
3.27500E-08,8.825369691476E-03,1.056557135936E-05
3.28000E-08,8.861457975581E-03,1.050577015895E-05
3.28500E-08,8.843517443165E-03,1.081664060522E-05
3.29000E-08,8.849772671238E-03,1.085457705241E-05
3.29500E-08,8.797963196412E-03,1.115339534636E-05
3.30000E-08,8.781160740182E-03,1.050811974611E-05
3.30500E-08,8.728816686198E-03,1.053354447987E-05
3.31000E-08,8.727294905111E-03,9.707124124281E-06
3.31500E-08,8.691405924037E-03,9.227083402685E-06
3.32000E-08,8.723171474412E-03,9.087920526974E-06
3.32500E-08,8.743017492816E-03,9.330458764919E-06
3.33000E-08,8.763873996213E-03,9.125481558032E-06
3.33500E-08,8.848548913374E-03,9.737015015445E-06
3.34000E-08,8.908221079037E-03,1.008226192836E-05
3.34500E-08,8.981384383514E-03,1.021235656273E-05
3.35000E-08,9.057347709313E-03,9.945591039024E-06
3.35500E-08,9.091355884448E-03,1.024582685251E-05
3.36000E-08,9.134437004104E-03,1.044318570104E-05
3.36500E-08,9.149056905881E-03,1.123451759387E-05
3.37000E-08,9.133575996384E-03,1.198907165136E-05
3.37500E-08,9.112908551469E-03,1.296989807207E-05
3.38000E-08,9.086926979944E-03,1.363161430974E-05
3.38500E-08,9.021139750257E-03,1.313831104245E-05
3.39000E-08,8.998742373660E-03,1.253155443165E-05
3.39500E-08,8.954043546691E-03,1.148281005491E-05
3.40000E-08,8.886199025437E-03,1.039524247218E-05
3.40500E-08,8.803844498470E-03,9.132031922229E-06
3.41000E-08,8.720636414364E-03,8.557774697431E-06
3.41500E-08,8.677938533947E-03,8.690147719346E-06
3.42000E-08,8.650108752772E-03,8.462645544671E-06
3.42500E-08,8.697019005194E-03,9.146317153238E-06
3.43000E-08,8.750651543960E-03,9.288172668777E-06
3.43500E-08,8.836217736825E-03,9.959824488499E-06
3.44000E-08,8.958240551874E-03,9.984517808072E-06
3.44500E-08,9.028822695836E-03,1.033916954231E-05
3.45000E-08,9.119984740391E-03,1.106446055975E-05
3.45500E-08,9.156496776268E-03,1.125522373524E-05
3.46000E-08,9.154474409297E-03,1.125236280542E-05
3.46500E-08,9.125420404598E-03,1.078162981477E-05
3.47000E-08,9.119425015524E-03,9.873485251329E-06
3.47500E-08,9.085836866870E-03,9.572511550969E-06
3.48000E-08,9.048876399174E-03,8.044936846009E-06
3.48500E-08,9.055054793134E-03,7.236329338512E-06
3.49000E-08,9.045957634225E-03,6.885282893665E-06
3.49500E-08,8.999958215281E-03,6.182795169762E-06
3.50000E-08,8.969578938559E-03,6.349719421006E-06
3.50500E-08,8.925266144797E-03,6.874544697813E-06
3.51000E-08,8.896363014355E-03,7.972772804088E-06
3.51500E-08,8.892379747704E-03,9.049550409429E-06
3.52000E-08,8.886184589937E-03,1.044964544754E-05
3.52500E-08,8.911829022691E-03,1.163604456279E-05
3.53000E-08,8.970956364647E-03,1.288814797346E-05
3.53500E-08,9.040183434263E-03,1.385584130231E-05
3.54000E-08,9.146142331883E-03,1.444622200262E-05
3.54500E-08,9.255950385705E-03,1.456786330137E-05
3.55000E-08,9.374292148277E-03,1.403889550176E-05
3.55500E-08,9.526461875066E-03,1.387527232338E-05
3.56000E-08,9.730770299211E-03,1.305509811547E-05
3.56500E-08,9.955438831821E-03,1.265117625054E-05
3.57000E-08,1.020082556643E-02,1.237085043732E-05
3.57500E-08,1.044650240801E-02,1.164539112989E-05
3.58000E-08,1.067229085602E-02,1.156905867439E-05
3.58500E-08,1.084949453361E-02,1.087239637319E-05
3.59000E-08,1.099341646768E-02,1.084913351852E-05
3.59500E-08,1.111642648466E-02,1.039470523875E-05
3.60000E-08,1.118210847490E-02,1.039585090522E-05
3.60500E-08,1.126423669048E-02,1.049463065620E-05
3.61000E-08,1.131542404182E-02,1.149611790944E-05
3.61500E-08,1.135190720670E-02,1.283271584008E-05
3.62000E-08,1.139522395097E-02,1.360657146480E-05
3.62500E-08,1.141661922447E-02,1.437720368896E-05
3.63000E-08,1.140360166319E-02,1.492182893027E-05
3.63500E-08,1.140775908716E-02,1.472082595620E-05
3.64000E-08,1.137568247505E-02,1.430827599298E-05
3.64500E-08,1.132361874916E-02,1.336787153315E-05
3.65000E-08,1.126729189418E-02,1.211874556076E-05
3.65500E-08,1.116862618364E-02,1.076194635872E-05
3.66000E-08,1.107610720210E-02,9.692269296384E-06
3.66500E-08,1.096174078993E-02,8.707455697470E-06
3.67000E-08,1.083660922013E-02,7.826347568072E-06
3.67500E-08,1.070147198625E-02,7.639176736586E-06
3.68000E-08,1.059265858494E-02,7.804670522920E-06
3.68500E-08,1.043259357102E-02,7.752461790108E-06
3.69000E-08,1.029350799508E-02,8.658619237132E-06
3.69500E-08,1.012187502347E-02,8.881454600953E-06
3.70000E-08,9.911335585639E-03,9.811425081455E-06
3.70500E-08,9.685287298635E-03,1.096109167021E-05
3.71000E-08,9.469698695466E-03,1.282145335618E-05
3.71500E-08,9.320358326659E-03,1.439844706375E-05
3.72000E-08,9.163089143112E-03,1.635914841946E-05
3.72500E-08,9.083135100082E-03,1.778951623756E-05
3.73000E-08,9.037606464699E-03,1.892686529364E-05
3.73500E-08,9.004863491282E-03,1.916073012445E-05
3.74000E-08,9.070943156257E-03,1.850774554815E-05
3.74500E-08,9.113621478900E-03,1.717240331974E-05
3.75000E-08,9.174949070439E-03,1.550540035870E-05
3.75500E-08,9.243235038593E-03,1.411432178039E-05
3.76000E-08,9.280299814418E-03,1.261323980335E-05
3.76500E-08,9.357598656788E-03,1.216025493387E-05
3.77000E-08,9.432559413835E-03,1.217362104263E-05
3.77500E-08,9.452955378219E-03,1.239518775884E-05
3.78000E-08,9.462081408128E-03,1.339172987547E-05
3.78500E-08,9.414198389277E-03,1.355393553432E-05
3.79000E-08,9.312693541869E-03,1.316743168328E-05
3.79500E-08,9.192527318373E-03,1.247124188859E-05
3.80000E-08,9.046714799479E-03,1.176959561463E-05
3.80500E-08,8.947134064510E-03,1.070719385799E-05
3.81000E-08,8.838001685217E-03,9.987792990170E-06
3.81500E-08,8.766192523763E-03,9.445355518721E-06
3.82000E-08,8.740739477798E-03,9.233504313044E-06
3.82500E-08,8.739860309288E-03,9.502774768508E-06
3.83000E-08,8.756144018844E-03,9.395761753432E-06
3.83500E-08,8.782550739124E-03,9.776427236385E-06
3.84000E-08,8.802566258237E-03,1.020860240143E-05
3.84500E-08,8.826430002227E-03,1.070151083451E-05
3.85000E-08,8.879976859316E-03,1.114862497244E-05
3.85500E-08,8.863809565082E-03,1.181546110939E-05
3.86000E-08,8.850690955296E-03,1.174613210652E-05
3.86500E-08,8.807561406866E-03,1.184174023848E-05
3.87000E-08,8.758385712281E-03,1.207027804386E-05
3.87500E-08,8.712317841127E-03,1.123282822128E-05
